<?xml version="1.0" encoding="UTF-8"?>
<project xmlns="http://maven.apache.org/POM/4.0.0" xmlns:xsi="http://www.w3.org/2001/XMLSchema-instance"
	xsi:schemaLocation="http://maven.apache.org/POM/4.0.0 http://maven.apache.org/xsd/maven-4.0.0.xsd">
	<modelVersion>4.0.0</modelVersion>

	<groupId>com.zp.sdcc</groupId>
	<artifactId>CurrencyConverter</artifactId>
	<version>0.0.1-SNAPSHOT</version>
	<packaging>war</packaging>

	<name>CurrencyConverter</name>
	<description>ZP-SDCC Current Converter</description>

	<parent>
		<groupId>org.springframework.boot</groupId>
		<artifactId>spring-boot-starter-parent</artifactId>
		<version>1.5.2.RELEASE</version>
		<relativePath/> <!-- lookup parent from repository -->
	</parent>

	<properties>
		<project.build.sourceEncoding>UTF-8</project.build.sourceEncoding>
		<project.reporting.outputEncoding>UTF-8</project.reporting.outputEncoding>
		<java.version>1.8</java.version>
	</properties>

	<dependencies>
		<dependency>
			<groupId>org.springframework.boot</groupId>
			<artifactId>spring-boot-starter-security</artifactId>
		</dependency>
		<dependency>
			<groupId>org.springframework.boot</groupId>
			<artifactId>spring-boot-starter-web</artifactId>
		</dependency>
		<dependency>
    		<groupId>org.json</groupId>
    		<artifactId>json</artifactId>
    		<scope>provided</scope>
		</dependency>
		<dependency>
    		<groupId>jstl</groupId>
    		<artifactId>jstl</artifactId>
    		<version>1.2</version>
		</dependency>
		<dependency>
			<groupId>org.springframework.boot</groupId>
			<artifactId>spring-boot-starter-tomcat</artifactId>
			<scope>provided</scope>
		</dependency>
		<dependency>
			<groupId>org.springframework.boot</groupId>
			<artifactId>spring-boot-starter-data-jpa</artifactId>
		</dependency>		
		<dependency>
			<groupId>org.springframework.boot</groupId>
			<artifactId>spring-boot-starter-test</artifactId>
			<scope>test</scope>
		</dependency>
		<dependency>
    		<groupId>org.springframework.security</groupId>
    		<artifactId>spring-security-test</artifactId>
    		<scope>test</scope>
		</dependency>		
        <dependency>
    		<groupId>org.apache.tomcat.embed</groupId>
    		<artifactId>tomcat-embed-jasper</artifactId>
    		<scope>provided</scope>
		</dependency>
	    <dependency>
            <groupId>org.springframework.boot</groupId>
            <artifactId>spring-boot-starter-actuator</artifactId>
        </dependency>		
		<dependency>
			<groupId>com.h2database</groupId>
			<artifactId>h2</artifactId>
			<scope>runtime</scope>
		</dependency>
		<dependency>
			<groupId>org.springframework.boot</groupId>
			<artifactId>spring-boot-starter-data-mongodb</artifactId>
		</dependency>		
		<dependency>
   			<groupId>info.cukes</groupId>
    		<artifactId>cucumber-java</artifactId>
    		<version>1.2.4</version>
		</dependency>
		<dependency>
    		<groupId>info.cukes</groupId>
    		<artifactId>cucumber-junit</artifactId>
    		<version>1.2.4</version>
		</dependency>
		<dependency>
    		<groupId>info.cukes</groupId>
    		<artifactId>cucumber-spring</artifactId>
    		<version>1.2.4</version>
		</dependency>
		<dependency>
    		<groupId>org.seleniumhq.selenium</groupId>
    		<artifactId>selenium-java</artifactId>
    		<version>2.53.0</version><!--$NO-MVN-MAN-VER$-->
		</dependency>
		<dependency>
    		<groupId>org.springframework.boot</groupId>
    		<artifactId>spring-boot-starter-cache</artifactId>
		</dependency>
		<dependency>
    		<groupId>com.github.ben-manes.caffeine</groupId>
    		<artifactId>caffeine</artifactId>
		</dependency>			
	</dependencies>
	<build>
		<plugins>
			<plugin>
				<groupId>org.springframework.boot</groupId>
				<artifactId>spring-boot-maven-plugin</artifactId>
			</plugin>			
		</plugins>
	</build>
</project>